{
  "weights": "YOLO-NAIVE\\optimal_output\\models\\exp3_night_best.pt",
  "val_size": 599,
  "metrics": {
    "AP@0.20": 0.232811,
    "AP@0.50": 0.202819,
    "AP@0.75": 0.09638,
    "AP@[0.50:0.90]": 0.118191,
    "AP@[0.50:0.95]": 0.106436
  }
}