{
  "weights": "YOLO-NAIVE\\optimal_output\\models\\exp4_snowy_best.pt",
  "val_size": 600,
  "metrics": {
    "AP@0.20": 0.307008,
    "AP@0.50": 0.253896,
    "AP@0.75": 0.103562,
    "AP@[0.50:0.90]": 0.135308,
    "AP@[0.50:0.95]": 0.121806
  }
}