{
  "weights": "YOLO-NAIVE\\optimal_output\\models\\exp4_snowy_best.pt",
  "val_size": 537,
  "metrics": {
    "AP@0.20": 0.002975,
    "AP@0.50": 0.002343,
    "AP@0.75": 0.002137,
    "AP@[0.50:0.90]": 0.001517,
    "AP@[0.50:0.95]": 0.001365
  }
}