domain,num_images_used,lum_mean,lum_std,sat_mean,sat_std,entropy_gray,edge_density,grad_mag_mean,orb_kp_per_mp,height_mean,width_mean
sunny,200,144.985664,83.570827,66.353390,52.262123,6.742485,0.058787,48.250133,406.901042,960.000000,1280.000000
overcast,200,120.368404,75.314807,51.156601,31.145343,7.408392,0.063745,56.179932,406.901042,960.000000,1280.000000
night,200,83.320599,69.888021,178.137137,59.152961,7.540472,0.036284,46.507164,406.901042,960.000000,1280.000000
snowy,200,75.596962,77.458455,99.609182,40.198500,7.011488,0.055998,40.994174,406.901042,960.000000,1280.000000