{
  "weights": "YOLO-GDUMB\\optimal_output\\models\\gdumb_model_after_exp_4.pt",
  "val_size": 537,
  "metrics": {
    "AP@0.20": 0.969477,
    "AP@0.50": 0.955567,
    "AP@0.75": 0.773741,
    "AP@[0.50:0.90]": 0.768956,
    "AP@[0.50:0.95]": 0.705603
  }
}