{
  "weights": "YOLO-NAIVE\\optimal_output\\models\\exp2_overcast_best.pt",
  "val_size": 599,
  "metrics": {
    "AP@0.20": 0.986678,
    "AP@0.50": 0.981552,
    "AP@0.75": 0.899674,
    "AP@[0.50:0.90]": 0.859996,
    "AP@[0.50:0.95]": 0.799294
  }
}