{
  "weights": "YOLO-ER\\optimal_output\\models\\exp4_snowy_best.pt",
  "val_size": 600,
  "metrics": {
    "AP@0.20": 0.920126,
    "AP@0.50": 0.892896,
    "AP@0.75": 0.727456,
    "AP@[0.50:0.90]": 0.711456,
    "AP@[0.50:0.95]": 0.64961
  }
}