{
  "weights": "YOLO-ER\\optimal_output\\models\\exp1_sunny_best.pt",
  "val_size": 600,
  "metrics": {
    "AP@0.20": 0.988028,
    "AP@0.50": 0.980856,
    "AP@0.75": 0.907408,
    "AP@[0.50:0.90]": 0.87761,
    "AP@[0.50:0.95]": 0.812352
  }
}