{
  "weights": "YOLO-NAIVE\\optimal_output\\models\\exp3_night_best.pt",
  "val_size": 600,
  "metrics": {
    "AP@0.20": 0.037827,
    "AP@0.50": 0.030169,
    "AP@0.75": 0.013026,
    "AP@[0.50:0.90]": 0.016645,
    "AP@[0.50:0.95]": 0.01498
  }
}