{
  "weights": "YOLO-GDUMB\\optimal_output\\models\\gdumb_model_after_exp_4.pt",
  "val_size": 300,
  "metrics": {
    "AP@0.20": 0.975066,
    "AP@0.50": 0.962896,
    "AP@0.75": 0.895552,
    "AP@[0.50:0.90]": 0.889807,
    "AP@[0.50:0.95]": 0.844892
  }
}