{
  "final": {
    "average_accuracy_mAP50_95": 0.2905392950597787,
    "average_accuracy_mAP50": 0.41067570177161206,
    "backward_transfer_mAP50_95": 0.6763201848589645,
    "backward_transfer_mAP50": 0.700627038510648,
    "forward_transfer_mAP50_95": 0.09366472377166087,
    "forward_transfer_mAP50": 0.19633643506333262,
    "ExtendedAP_final_per_domain": {
      "sunny": {
        "AP@0.20": 0.307008,
        "AP@0.50": 0.253896,
        "AP@0.75": 0.103562,
        "AP@[0.50:0.90]": 0.135308,
        "AP@[0.50:0.95]": 0.121806
      },
      "overcast": {
        "AP@0.20": 0.422338,
        "AP@0.50": 0.354053,
        "AP@0.75": 0.192562,
        "AP@[0.50:0.90]": 0.209904,
        "AP@[0.50:0.95]": 0.189016
      },
      "night": {
        "AP@0.20": 0.002975,
        "AP@0.50": 0.002343,
        "AP@0.75": 0.002137,
        "AP@[0.50:0.90]": 0.001517,
        "AP@[0.50:0.95]": 0.001365
      },
      "snowy": {
        "AP@0.20": 0.976548,
        "AP@0.50": 0.96297,
        "AP@0.75": 0.903552,
        "AP@[0.50:0.90]": 0.872692,
        "AP@[0.50:0.95]": 0.817807
      }
    },
    "ExtendedAP_final_avg": {
      "AP@0.20": 0.42721725,
      "AP@0.50": 0.39331550000000004,
      "AP@0.75": 0.30045325,
      "AP@[0.50:0.90]": 0.30485525,
      "AP@[0.50:0.95]": 0.2824985
    }
  },
  "rows": [
    {
      "experience": 1,
      "sunny_mAP50_95": 0.8126475337207709,
      "sunny_mAP50": 0.9798852517030878,
      "sunny_AP20": 0.986837,
      "sunny_AP50": 0.977683,
      "sunny_AP75": 0.890499,
      "sunny_AP50_90": 0.862344,
      "sunny_AP50_95": 0.797861,
      "overcast_mAP50_95": 0.20594764750258995,
      "overcast_mAP50": 0.4366196540590367,
      "overcast_AP20": null,
      "overcast_AP50": null,
      "overcast_AP75": null,
      "overcast_AP50_90": null,
      "overcast_AP50_95": null,
      "night_mAP50_95": null,
      "night_mAP50": null,
      "night_AP20": null,
      "night_AP50": null,
      "night_AP75": null,
      "night_AP50_90": null,
      "night_AP50_95": null,
      "snowy_mAP50_95": null,
      "snowy_mAP50": null,
      "snowy_AP20": null,
      "snowy_AP50": null,
      "snowy_AP75": null,
      "snowy_AP50_90": null,
      "snowy_AP50_95": null,
      "avg_seen_mAP50_95": 0.8126475337207709,
      "avg_seen_mAP50": 0.9798852517030878
    },
    {
      "experience": 2,
      "sunny_mAP50_95": 0.23118644989550013,
      "sunny_mAP50": 0.4296029335411684,
      "sunny_AP20": 0.448521,
      "sunny_AP50": 0.386511,
      "sunny_AP75": 0.195357,
      "sunny_AP50_90": 0.224917,
      "sunny_AP50_95": 0.202488,
      "overcast_mAP50_95": 0.8180596721909332,
      "overcast_mAP50": 0.9839777360945495,
      "overcast_AP20": 0.986678,
      "overcast_AP50": 0.981552,
      "overcast_AP75": 0.899674,
      "overcast_AP50_90": 0.859996,
      "overcast_AP50_95": 0.799294,
      "night_mAP50_95": 0.02880752590812983,
      "night_mAP50": 0.06307623584438701,
      "night_AP20": null,
      "night_AP50": null,
      "night_AP75": null,
      "night_AP50_90": null,
      "night_AP50_95": null,
      "snowy_mAP50_95": null,
      "snowy_mAP50": null,
      "snowy_AP20": null,
      "snowy_AP50": null,
      "snowy_AP75": null,
      "snowy_AP50_90": null,
      "snowy_AP50_95": null,
      "avg_seen_mAP50_95": 0.5246230610432167,
      "avg_seen_mAP50": 0.706790334817859
    },
    {
      "experience": 3,
      "sunny_mAP50_95": 0.04226316459431874,
      "sunny_mAP50": 0.0791847753637888,
      "sunny_AP20": 0.037827,
      "sunny_AP50": 0.030169,
      "sunny_AP75": 0.013026,
      "sunny_AP50_90": 0.016645,
      "sunny_AP50_95": 0.01498,
      "overcast_mAP50_95": 0.15889673192645307,
      "overcast_mAP50": 0.283515566865045,
      "overcast_AP20": 0.232811,
      "overcast_AP50": 0.202819,
      "overcast_AP75": 0.09638,
      "overcast_AP50_90": 0.118191,
      "overcast_AP50_95": 0.106436,
      "night_mAP50_95": 0.5944130861902901,
      "night_mAP50": 0.896403603126352,
      "night_AP20": 0.908324,
      "night_AP50": 0.890277,
      "night_AP75": 0.667652,
      "night_AP50_90": 0.647085,
      "night_AP50_95": 0.586564,
      "snowy_mAP50_95": 0.046238997904262814,
      "snowy_mAP50": 0.08931341528657412,
      "snowy_AP20": null,
      "snowy_AP50": null,
      "snowy_AP75": null,
      "snowy_AP50_90": null,
      "snowy_AP50_95": null,
      "avg_seen_mAP50_95": 0.26519099423702064,
      "avg_seen_mAP50": 0.41970131511839526
    },
    {
      "experience": 4,
      "sunny_mAP50_95": 0.1363273488618064,
      "sunny_mAP50": 0.2792582131924398,
      "sunny_AP20": 0.307008,
      "sunny_AP50": 0.253896,
      "sunny_AP75": 0.103562,
      "sunny_AP50_90": 0.135308,
      "sunny_AP50_95": 0.121806,
      "overcast_mAP50_95": 0.20243915145055175,
      "overcast_mAP50": 0.3753610687301275,
      "overcast_AP20": 0.422338,
      "overcast_AP50": 0.354053,
      "overcast_AP75": 0.192562,
      "overcast_AP50_90": 0.209904,
      "overcast_AP50_95": 0.189016,
      "night_mAP50_95": 0.01085824070123877,
      "night_mAP50": 0.024923806306810726,
      "night_AP20": 0.002975,
      "night_AP50": 0.002343,
      "night_AP75": 0.002137,
      "night_AP50_90": 0.001517,
      "night_AP50_95": 0.001365,
      "snowy_mAP50_95": 0.8125324392255179,
      "snowy_mAP50": 0.9631597188570702,
      "snowy_AP20": 0.976548,
      "snowy_AP50": 0.96297,
      "snowy_AP75": 0.903552,
      "snowy_AP50_90": 0.872692,
      "snowy_AP50_95": 0.817807,
      "avg_seen_mAP50_95": 0.2905392950597787,
      "avg_seen_mAP50": 0.41067570177161206
    }
  ],
  "domains": [
    "sunny",
    "overcast",
    "night",
    "snowy"
  ],
  "num_experiences": 4,
  "ACC_final": 0.2905392950597787,
  "ACC_mean_over_time": 0.47325022101519676,
  "BWT_mean": -0.6251651836961324,
  "BWT_per_domain": {
    "sunny": -0.6763201848589645,
    "overcast": -0.6156205207403815,
    "night": -0.5835548454890513
  },
  "Forgetting_mean": 0.6251651836961324,
  "Forgetting_per_domain": {
    "sunny": 0.6763201848589645,
    "overcast": 0.6156205207403815,
    "night": 0.5835548454890513
  },
  "FWT_mean": 0.025015507937464213,
  "FWT_per_domain": {
    "overcast": 0.0,
    "night": 0.02880752590812983,
    "snowy": 0.046238997904262814
  }
}