experience,sunny_mAP50_95,overcast_mAP50_95,night_mAP50_95,snowy_mAP50_95,sunny_mAP50,overcast_mAP50,night_mAP50,snowy_mAP50,sunny_AP20,overcast_AP20,night_AP20,snowy_AP20,sunny_AP50,overcast_AP50,night_AP50,snowy_AP50,sunny_AP75,overcast_AP75,night_AP75,snowy_AP75,sunny_AP50_90,overcast_AP50_90,night_AP50_90,snowy_AP50_90,sunny_AP50_95,overcast_AP50_95,night_AP50_95,snowy_AP50_95,avg_seen_mAP50_95,avg_seen_mAP50
1,0.812648,0.205948,,,0.979885,0.436620,,,0.986837,,,,0.977683,,,,0.890499,,,,0.862344,,,,0.797861,,,,0.812648,0.979885
2,0.231186,0.818060,0.028808,,0.429603,0.983978,0.063076,,0.448521,0.986678,,,0.386511,0.981552,,,0.195357,0.899674,,,0.224917,0.859996,,,0.202488,0.799294,,,0.524623,0.706790
3,0.042263,0.158897,0.594413,0.046239,0.079185,0.283516,0.896404,0.089313,0.037827,0.232811,0.908324,,0.030169,0.202819,0.890277,,0.013026,0.096380,0.667652,,0.016645,0.118191,0.647085,,0.014980,0.106436,0.586564,,0.265191,0.419701
4,0.136327,0.202439,0.010858,0.812532,0.279258,0.375361,0.024924,0.963160,0.307008,0.422338,0.002975,0.976548,0.253896,0.354053,0.002343,0.962970,0.103562,0.192562,0.002137,0.903552,0.135308,0.209904,0.001517,0.872692,0.121806,0.189016,0.001365,0.817807,0.290539,0.410676
