{
  "weights": "YOLO-NAIVE\\optimal_output\\models\\exp1_sunny_best.pt",
  "val_size": 600,
  "metrics": {
    "AP@0.20": 0.986837,
    "AP@0.50": 0.977683,
    "AP@0.75": 0.890499,
    "AP@[0.50:0.90]": 0.862344,
    "AP@[0.50:0.95]": 0.797861
  }
}