experience,sunny_mAP50_95,overcast_mAP50_95,night_mAP50_95,snowy_mAP50_95,sunny_mAP50,overcast_mAP50,night_mAP50,snowy_mAP50,sunny_AP20,overcast_AP20,night_AP20,snowy_AP20,sunny_AP50,overcast_AP50,night_AP50,snowy_AP50,sunny_AP75,overcast_AP75,night_AP75,snowy_AP75,sunny_AP50_90,overcast_AP50_90,night_AP50_90,snowy_AP50_90,sunny_AP50_95,overcast_AP50_95,night_AP50_95,snowy_AP50_95,avg_seen_mAP50_95
1,0.828813,0.213211,,,0.982362,0.425790,,,0.988028,,,,0.980856,,,,0.907408,,,,0.877610,,,,0.812352,,,,
2,0.743432,0.832406,0.013179,,0.951805,0.985735,0.030207,,0.959512,0.988813,,,0.943463,0.982572,,,0.822837,0.906674,,,0.791263,0.872972,,,0.725561,0.811830,,,
3,0.719727,0.752827,0.860224,0.271973,0.943435,0.966136,0.989786,0.439422,0.953520,0.971812,0.993647,,0.934347,0.959325,0.990676,,0.796719,0.823738,0.950152,,0.772685,0.796183,0.907868,,0.706687,0.733982,0.839382,,
4,0.666062,0.708707,0.733630,0.918624,0.904915,0.948839,0.963248,0.985354,0.920126,0.957738,0.966471,0.991406,0.892896,0.940838,0.959911,0.987346,0.727456,0.759557,0.810451,0.948275,0.711456,0.749570,0.790442,0.940982,0.649610,0.692555,0.720814,0.912362,
