{
  "domains": [
    "sunny",
    "overcast",
    "night",
    "snowy"
  ],
  "num_experiences": 4,
  "ACC_final": 0.7567559303140015,
  "ACC_mean_over_time": 0.787770202542001,
  "BWT_mean": -0.1376813970653644,
  "BWT_per_domain": {
    "sunny": -0.1627510549279798,
    "overcast": -0.12369989894945765,
    "night": -0.12659323731865568
  },
  "Forgetting_mean": 0.1376813970653644,
  "Forgetting_per_domain": {
    "sunny": 0.1627510549279798,
    "overcast": 0.12369989894945765,
    "night": 0.12659323731865568
  },
  "FWT_mean": 0.09505056563251836,
  "FWT_per_domain": {
    "overcast": 0.0,
    "night": 0.013178816712492054,
    "snowy": 0.27197288018506305
  },
  "final": {
    "ExtendedAP_final_per_domain": {
      "sunny": {
        "AP@0.20": 0.920126,
        "AP@0.50": 0.892896,
        "AP@0.75": 0.727456,
        "AP@[0.50:0.90]": 0.711456,
        "AP@[0.50:0.95]": 0.64961
      },
      "overcast": {
        "AP@0.20": 0.957738,
        "AP@0.50": 0.940838,
        "AP@0.75": 0.759557,
        "AP@[0.50:0.90]": 0.74957,
        "AP@[0.50:0.95]": 0.692555
      },
      "night": {
        "AP@0.20": 0.966471,
        "AP@0.50": 0.959911,
        "AP@0.75": 0.810451,
        "AP@[0.50:0.90]": 0.790442,
        "AP@[0.50:0.95]": 0.720814
      },
      "snowy": {
        "AP@0.20": 0.991406,
        "AP@0.50": 0.987346,
        "AP@0.75": 0.948275,
        "AP@[0.50:0.90]": 0.940982,
        "AP@[0.50:0.95]": 0.912362
      }
    },
    "ExtendedAP_final_avg": {
      "AP@0.20": 0.95893525,
      "AP@0.50": 0.9452477499999999,
      "AP@0.75": 0.81143475,
      "AP@[0.50:0.90]": 0.7981125,
      "AP@[0.50:0.95]": 0.7438352500000001
    }
  }
}