{
  "weights": "YOLO-ER\\optimal_output\\models\\exp4_snowy_best.pt",
  "val_size": 300,
  "metrics": {
    "AP@0.20": 0.991406,
    "AP@0.50": 0.987346,
    "AP@0.75": 0.948275,
    "AP@[0.50:0.90]": 0.940982,
    "AP@[0.50:0.95]": 0.912362
  }
}