experience,sunny_mAP50_95,overcast_mAP50_95,night_mAP50_95,snowy_mAP50_95,sunny_mAP50,overcast_mAP50,night_mAP50,snowy_mAP50,sunny_AP20,overcast_AP20,night_AP20,snowy_AP20,sunny_AP50,overcast_AP50,night_AP50,snowy_AP50,sunny_AP75,overcast_AP75,night_AP75,snowy_AP75,sunny_AP50_90,overcast_AP50_90,night_AP50_90,snowy_AP50_90,sunny_AP50_95,overcast_AP50_95,night_AP50_95,snowy_AP50_95,avg_seen_mAP50_95
1,0.117017,0.057516,,,0.208213,,,,,,,,,,,,,,,,,,,,,,,,0.117017
2,0.681259,0.700616,0.018158,,0.924205,0.940597,,,,,,,,,,,,,,,,,,,,,,,0.690938
3,0.679381,0.702744,0.709930,0.313329,0.931562,0.949347,0.955744,,,,,,,,,,,,,,,,,,,,,,0.697352
4,0.679974,0.702344,0.713555,0.848806,0.919056,0.942617,0.958643,0.964315,0.939641,0.964289,0.969477,0.975066,0.918317,0.937086,0.955567,0.962896,0.760938,0.756940,0.773741,0.895552,0.735714,0.746593,0.768956,0.889807,0.673193,0.689621,0.705603,0.844892,0.736170
