{
  "weights": "YOLO-NAIVE\\optimal_output\\models\\exp3_night_best.pt",
  "val_size": 537,
  "metrics": {
    "AP@0.20": 0.908324,
    "AP@0.50": 0.890277,
    "AP@0.75": 0.667652,
    "AP@[0.50:0.90]": 0.647085,
    "AP@[0.50:0.95]": 0.586564
  }
}