{
  "weights": "YOLO-GDUMB\\optimal_output\\models\\gdumb_model_after_exp_4.pt",
  "val_size": 600,
  "metrics": {
    "AP@0.20": 0.939641,
    "AP@0.50": 0.918317,
    "AP@0.75": 0.760938,
    "AP@[0.50:0.90]": 0.735714,
    "AP@[0.50:0.95]": 0.673193
  }
}