{
  "weights": "YOLO-NAIVE\\optimal_output\\models\\exp2_overcast_best.pt",
  "val_size": 600,
  "metrics": {
    "AP@0.20": 0.448521,
    "AP@0.50": 0.386511,
    "AP@0.75": 0.195357,
    "AP@[0.50:0.90]": 0.224917,
    "AP@[0.50:0.95]": 0.202488
  }
}